time_s,K=0.0_mean,K=0.0_std,K=1.0_mean,K=1.0_std,learned_mean,learned_std
0.0,0.8133504301309585,0.24197874639966305,0.8133504301309585,0.24197874639966305,0.8133504301309585,0.24197874639966305
0.02,0.8169068992137909,0.24006160762971165,0.8169068992137909,0.24006160762971165,0.8169068992137909,0.24006160762971165
0.04,0.7059794792107174,0.18417570265405941,0.7059794792107174,0.18417570265405941,0.7059794792107174,0.18417570265405941
0.06,0.7123528037752423,0.1836040332150427,0.7123528037752423,0.1836040332150427,0.7123528037752423,0.1836040332150427
0.08,0.7179190771920341,0.1834339073973535,0.7179190771920341,0.1834339073973535,0.7179190771920341,0.1834339073973535
0.1,0.7214927162442889,0.1836878364332567,0.7214927162442889,0.1836878364332567,0.7214927162442889,0.1836878364332567
0.12,0.7245367211954934,0.18385205888275336,0.7245367211954934,0.18385205888275336,0.7245367211954934,0.18385205888275336
0.14,0.727213476385389,0.18390249548216495,0.727213476385389,0.18390249548216495,0.727213476385389,0.18390249548216495
0.16,0.72934604542596,0.18372012670122775,0.72934604542596,0.18372012670122775,0.72934604542596,0.18372012670122775
0.18,0.7311215570994786,0.18292365656359003,0.7311215570994786,0.18292365656359003,0.7311215570994786,0.18292365656359003
0.2,0.7321069325719561,0.18116713208867483,0.7321069325719561,0.18116713208867483,0.7321069325719561,0.18116713208867483
0.22,0.7320794633456639,0.17882746782979392,0.7320794633456639,0.17882746782979392,0.7320794633456639,0.17882746782979392
0.24,0.73093695299966,0.17645402150585407,0.73093695299966,0.17645402150585407,0.73093695299966,0.17645402150585407
0.26,0.7289021696363177,0.17440931979462546,0.7289021696363177,0.17440931979462546,0.7289021696363177,0.17440931979462546
0.28,0.7261401542595455,0.1731842946412112,0.7261401542595455,0.1731842946412112,0.7261401542595455,0.1731842946412112
0.3,0.7238272513662066,0.17270139484306274,0.7238272513662066,0.17270139484306274,0.7238272513662066,0.17270139484306274
0.32,0.7206930049828121,0.17291730023026866,0.7206930049828121,0.17291730023026866,0.7206930049828121,0.17291730023026866
0.34,0.7163273181234088,0.17371148031709036,0.7163273181234088,0.17371148031709036,0.7163273181234088,0.17371148031709036
0.36,0.7109402801309314,0.17479503011285843,0.7109402801309314,0.17479503011285843,0.7109402801309314,0.17479503011285843
0.38,0.7053709583623069,0.17578789697566619,0.7053709583623069,0.17578789697566619,0.7053709583623069,0.17578789697566619
0.4,0.6994770126683372,0.17662092902769597,0.6994578327451434,0.17660350652006246,0.6994596932615552,0.17660669001241494
0.42,0.6929766450609479,0.1773656884712494,0.6929044638361249,0.17717819099042845,0.6929135067122323,0.17719274055864043
0.44,0.6859195530414581,0.1778834442840109,0.6856905732836042,0.17715065820054407,0.6857029412473951,0.17717042820085055
0.46,0.6790327514920916,0.17725080037911076,0.6786384199346814,0.17574627580734092,0.6786430350371769,0.17575443706887683
0.48,0.6722327811377389,0.1754625140999067,0.672180563211441,0.17363473148696412,0.6721761184079307,0.17362795445947216
0.5,0.6659096351691655,0.1731663637794503,0.6666372844151088,0.1715081779021105,0.6666305320603507,0.1715014901493385
0.52,0.6597089980329786,0.16981669352302767,0.6615236188684191,0.1678901806349376,0.6615184417792729,0.1678954576526529
0.54,0.6533290275505611,0.16579457678358245,0.6560700918946948,0.1639129143836793,0.6560682356357574,0.16392446500859037
0.56,0.6469912145818982,0.16130001806290792,0.6512418261596135,0.15939882274661563,0.6512454237256732,0.15941225197927092
0.58,0.6421907884734017,0.15712578809244865,0.6479405420167106,0.1549022931870437,0.6479580572673252,0.1549234906489638
0.6,0.6393268746989114,0.1547191938674758,0.6459632047585079,0.15152468848557868,0.6459869572094509,0.1515485833471811
0.62,0.637716510466167,0.1524325152474716,0.644668140581676,0.1484931482437496,0.6446897387504578,0.1485164299561371
0.64,0.6377120614051819,0.14970509027449905,0.6439447104930878,0.14569556943212855,0.6439590113503593,0.145719027950415
0.66,0.6367707550525665,0.14730624429664135,0.6437177615506309,0.14296386960241297,0.643719847713198,0.1429872636409705
0.68,0.6351084240845272,0.14512264353824972,0.6440271777766091,0.1404228711534089,0.6440627319472176,0.1404393415225992
0.7000000000000001,0.6338727176189423,0.14318880348975643,0.6444446359361921,0.13824258527387104,0.6445059818880898,0.13825431945366506
0.72,0.6334549146039146,0.14193284369285822,0.6448946935789925,0.13652561297126486,0.6449545707021441,0.13654275705066654
0.74,0.6332251472132546,0.14127820762983928,0.6453883009297507,0.13532425593702113,0.6454499108450753,0.13534608590682726
0.76,0.6327049306460789,0.14042031338980301,0.6459552390234811,0.13462365406976926,0.6460274415356773,0.1346446972252875
0.78,0.6321896995816912,0.1397577997024986,0.6465336084365845,0.1344216823748429,0.6466186004025596,0.1344391071703245
0.8,0.6320120436804635,0.13958450865923724,0.6471302935055324,0.13468375906174723,0.6472199218613761,0.13469650274882902
0.8200000000000001,0.6320549079350063,0.13949473381990365,0.6475934045655387,0.13524479150033558,0.6476913264819554,0.13525271080296244
0.84,0.6320558360644749,0.1384089671404834,0.6479908994265965,0.13591933078824073,0.6481075201715741,0.13591929681389184
0.86,0.6311501605170113,0.13603651778982098,0.6484972664288112,0.13673546821808816,0.6486410668918065,0.13672356354353077
0.88,0.6297737870897565,0.1334300743351218,0.6491029262542725,0.1376309545276687,0.6492890204702105,0.13760626763802905
0.9,0.6290816579546247,0.132506863515698,0.6498692631721497,0.13862865389837029,0.6501120754650661,0.1385874118714429
0.92,0.6270977088383266,0.1299471844834478,0.6509241887501308,0.13976732460526825,0.6512358018330165,0.13970367913509243
0.9400000000000001,0.6233303121158055,0.1253043346117855,0.6524780222347805,0.14110841766060128,0.652869096824101,0.14101189746276555
0.96,0.618814868586404,0.12090327753047926,0.6546469245638166,0.14241201421365754,0.6551244599478585,0.1422595766028119
0.98,0.6127968515668597,0.11704508941122661,0.6573382190295628,0.14324159261489405,0.6579116327422005,0.1430048124656732
1.0,0.6056554317474365,0.11597998043957918,0.6604346718106952,0.14322434250623903,0.6611142499106271,0.14288568122182874
1.02,0.5981903331620353,0.1193595367753987,0.6643134525844029,0.142709116014748,0.6650840554918561,0.14224015437649093
1.04,0.5925950961453574,0.1265482888654826,0.6692349399839129,0.1415868809038106,0.6701030816350665,0.14102875789295682
1.06,0.5919325394289834,0.1340292047472931,0.6752103056226458,0.13968836987958821,0.676146388053894,0.13903083103640812
1.08,0.5939142746584756,0.1411922053701651,0.6821782503809247,0.1372033630137297,0.6831500785691398,0.13643337663516045
1.1,0.5942447057792118,0.14792251342403917,0.6888402444975716,0.13468415744319115,0.6898320317268372,0.13383791145087157
1.12,0.5937751957348415,0.15444635978276264,0.6946834325790405,0.13284137727246104,0.6957020163536072,0.13201003338753176
1.1400000000000001,0.5932879958833966,0.16123450834138667,0.6996519650731768,0.13182032759128065,0.7006794554846627,0.1310245166848361
1.16,0.5927086387361798,0.16825527486212716,0.7044565422194344,0.1310007525017004,0.7054804052625384,0.1302226455256477
1.18,0.5914652475288936,0.17523275192850118,0.7092250841004508,0.13024994770849688,0.7102324877466474,0.12947468335589066
1.2,0.5901394401277814,0.18179100428670242,0.7138548237936837,0.12954329933997444,0.7148268563406808,0.128761505756926
1.22,0.5891483085496085,0.1876902036435974,0.7182067802974156,0.128859254993906,0.7191444124494281,0.1280611567418819
1.24,0.5885904431343079,0.1927480960646302,0.7221020545278277,0.12810849669789262,0.7230093564305987,0.12729580208050725
1.26,0.5885502994060516,0.19682719260921433,0.7254107594490051,0.12714715942811738,0.7262875608035496,0.1263245974622197
1.28,0.5891185807330268,0.19985268715420548,0.7280135580471584,0.12585621843340827,0.7288906574249268,0.1250109268645928
1.3,0.5904504805803299,0.20191419593797358,0.7298357912472316,0.12412914977453551,0.7307174801826477,0.12325807994284209
1.32,0.5924374567610877,0.20310492900611307,0.7308828575270516,0.1218414940107175,0.7317759479795184,0.12094166840625643
1.34,0.5946528762578964,0.20340014089371142,0.7311592868396214,0.11891552795684639,0.7320781094687325,0.11798445942519051
1.36,0.5966469879661288,0.20269155777210238,0.7306728192738124,0.11528526310496354,0.7316404410770961,0.11430852919029431
1.3800000000000001,0.5980971285275051,0.2009071851814791,0.7294440014021737,0.11094614550891493,0.7304643648011344,0.10995517363897625
1.4000000000000001,0.597774646111897,0.19713073002113427,0.7274330939565387,0.10594165614841883,0.7285432134355817,0.10492918509832629
1.42,0.5960597438471658,0.1922758169098188,0.7246528267860413,0.10035127194744613,0.7258683102471488,0.09930580263367701
1.44,0.5947293000561851,0.1872890159591755,0.7212127617427281,0.09437275784973986,0.7225065316472735,0.0932574173577691
1.46,0.5941991380282811,0.1822069842148573,0.7173402735165187,0.08829970893400736,0.7187209555080959,0.08713060430220064
1.48,0.5935947809900556,0.1778133519707449,0.7130542993545532,0.08218832044546615,0.7145373480660575,0.08098450111188168
1.5,0.5928348430565425,0.17413860156862562,0.7083664536476135,0.0761644469000867,0.7099788529532296,0.07496589009192728
1.52,0.5926258095673153,0.17079560946532527,0.7033867750849042,0.07052266763120377,0.7051295127187457,0.06937472452706836
1.54,0.5930876646723066,0.1676745275856212,0.6982640198298863,0.06557490064096089,0.700154994215284,0.06456247529161566
1.56,0.5941501600401742,0.1648278631854761,0.6930428232465472,0.061559978909899386,0.695099413394928,0.060782636013425116
1.58,0.5957177111080715,0.16241172917042254,0.6877776299204145,0.05873899262854712,0.6900127785546439,0.05829980143149138
1.6,0.5976792233330863,0.16062529144409032,0.6825253878320966,0.057374140621000345,0.6849467584065029,0.057352091427421564
1.62,0.599907921893256,0.15968232959927828,0.6773314220564706,0.057614483352756804,0.6799388527870178,0.05804010942869936
1.6400000000000001,0.6022472679615021,0.15982398518617694,0.6722945656095233,0.05936966801672053,0.6750590630940029,0.06021999204394294
1.6600000000000001,0.6042696578162057,0.16169932059839198,0.6675359777041844,0.06237700677575816,0.6703870296478271,0.06357358174410437
1.68,0.6064327784946987,0.1644467071959408,0.6631307005882263,0.0662474656745248,0.6660853539194379,0.06770217841598986
1.7,0.608582752091544,0.16810454841589442,0.6592590383120945,0.07049967594595487,0.6623090505599976,0.07216887237492824
1.72,0.6090215998036521,0.1735530636759901,0.6560571278844561,0.07463112878026047,0.6591620445251465,0.0764769094145073
1.74,0.6075262171881539,0.18021733300876616,0.6535119116306305,0.07837929609188063,0.6566439568996429,0.08033769678053365
1.76,0.6057737767696381,0.1866705078108671,0.6514170808451516,0.08195375192401168,0.6545567767960685,0.08395136446527905
1.78,0.604501553944179,0.19216035153370767,0.6499289103916713,0.08489654087184796,0.6530228427478245,0.086938384850954
1.8,0.6044816545077732,0.19540956533636908,0.6492993661335537,0.08694871911179466,0.6523030655724662,0.08899647289956845
1.82,0.6052235875810895,0.19720393442633735,0.649169317313603,0.0882076775820422,0.6520486218588692,0.09020535610633316
1.84,0.6069022076470512,0.1972180013778631,0.6496898233890533,0.0885323341320038,0.6524106391838619,0.09049174629672062
1.86,0.6088982437338147,0.19638278292175734,0.6508506791932243,0.08789651274074252,0.6534007745129722,0.08980572363800142
1.8800000000000001,0.6111161112785339,0.1948092529742218,0.6525936211858477,0.08636516685629811,0.6550099168504987,0.08816399392282306
1.9000000000000001,0.6134200649602073,0.192725810181478,0.6548887959548405,0.08403271602781798,0.6571170304502759,0.0857124335479918
1.92,0.6157097816467285,0.19036213876973154,0.6575869151524135,0.0809943554852984,0.6596671257700238,0.08253289077907165
1.94,0.617896842105048,0.18793838629519383,0.6606477669307164,0.07723188553332763,0.6625609397888184,0.07864859351754669
1.96,0.6198978296348027,0.18560843563590712,0.6640124235834394,0.07279950273243264,0.6657611557415554,0.07407343623961224
1.98,0.6216499720300946,0.18342845234076555,0.667741698878152,0.06784732425740334,0.6692895037787301,0.06895516402522665
2.0,0.6228693085057395,0.18177072152575094,0.6718857969556536,0.06270023062522284,0.6731950044631958,0.06362430423449844
2.02,0.6238747877734048,0.1802191564258392,0.6764084781919207,0.057879263298257114,0.6774959819657462,0.05856305923490345
2.04,0.6248832259859357,0.17850010626082938,0.6812557833535331,0.05402058986936003,0.6821093474115644,0.05443570136863023
2.06,0.6258371089185987,0.17668038195239538,0.686346309525626,0.0519015227435014,0.6869760751724243,0.05200685284219798
2.08,0.6266787563051496,0.17483643333878146,0.6915665864944458,0.052209901281884526,0.6919668742588588,0.05201830541986681
2.1,0.6273877705846514,0.17298860717099615,0.6967276505061558,0.055209662431709335,0.6969350576400757,0.054770237250044033
2.12,0.627967119216919,0.17111199118134282,0.7017827970641,0.06044937681589456,0.7018124716622489,0.05984836220949566
2.14,0.6284386558192117,0.16916375659983654,0.7041946819850377,0.06434357548995252,0.7040239231927055,0.06371469677427874
2.16,0.628839944090162,0.1670899123705037,0.7049044115202767,0.06709996105920213,0.7045360207557678,0.06653520496050765
2.18,0.629216309104647,0.16482449435321458,0.7053523659706116,0.0702635272464454,0.7048111047063556,0.06980348070582976
2.2,0.6296308892113822,0.16230995171548163,0.705868695463453,0.0740715967841605,0.7051829866000584,0.07373210734913711
2.22,0.6301639718668801,0.15950610545273558,0.7064055630138942,0.07837606346707668,0.7055883748190743,0.07814229252771349
2.24,0.6308920511177608,0.15637255266757097,0.7069646971566337,0.08300914094713707,0.7060321569442749,0.0828677938725543
2.2600000000000002,0.6318870910576412,0.15288450498192865,0.7075435859816415,0.08777237015213463,0.7065113697733197,0.08772640210039895
2.2800000000000002,0.633179805108479,0.14904228894548674,0.7081370779446193,0.09246270163154242,0.7070355755942208,0.09250393996327737
2.3000000000000003,0.6347817991461072,0.14495403941976992,0.708675708089556,0.0969719356607119,0.707584159714835,0.09704857133339033
2.32,0.6365659832954407,0.14083024827105195,0.7090192862919399,0.10124338971842341,0.7080226710864476,0.10130059580817113
2.34,0.6387263366154262,0.13670232404000063,0.7092316661562238,0.10486749762372911,0.7082395809037345,0.10506258740508011
2.36,0.6410724903856005,0.13294316556814975,0.7090295127459935,0.1078826149688798,0.7082302059446063,0.10801031641876102
2.38,0.6416679663317544,0.13017307591086089,0.708166778087616,0.11044404629605019,0.7075605137007577,0.1104877581124396
2.4,0.6408253908157349,0.12783174003367723,0.7067134295191083,0.11247722559521904,0.7062552911894662,0.11246229954233534
2.42,0.6395764946937561,0.1255975091510685,0.7047404902321952,0.11394678034166061,0.704392841884068,0.1138853960675648
2.44,0.6381922662258148,0.12346914855416682,0.7022987689290728,0.11485515358610066,0.7020347373826163,0.11475889370146013
2.46,0.6366591325828007,0.1214957623225367,0.6994239602770124,0.1152069900988009,0.6992274267332894,0.11508654381068538
2.48,0.6349299550056458,0.11970528948693128,0.6961228847503662,0.11502584918921777,0.6960030112947736,0.11487438557535788
2.5,0.6329365713255746,0.11808807801916317,0.6923773288726807,0.11438234564882338,0.6923714194978986,0.11415907096567487
2.52,0.6306377819606236,0.11660149243959725,0.6887398702757699,0.11290636894152088,0.6886582204273769,0.11277502730811406
2.54,0.6280260980129242,0.11518723637793928,0.6846216661589486,0.11147611768976515,0.6848480020250592,0.11105630031119743
2.56,0.625117655311312,0.11378841962274208,0.6805150253432137,0.10978984493518801,0.6807887128421238,0.1093454205014991
2.58,0.6219374963215419,0.11236080564926482,0.6767520734242031,0.10759249482092802,0.676980801991054,0.1072137015347034
2.6,0.6185389842305865,0.11087034156191043,0.6734010236603873,0.10485365858568255,0.6735901662281581,0.10453251330715478
2.62,0.6150079412119729,0.109283398876999,0.6704018201146807,0.10164812386293721,0.670639421258654,0.10130150936747334
2.64,0.6113995739391872,0.10759423499395303,0.6675001553126744,0.09820988402636999,0.667923561164311,0.09772307823123039
2.66,0.6077584155968258,0.10580981312961643,0.6646304471152169,0.09463490685032105,0.665341453892844,0.09392772096917479
2.68,0.6041388852255685,0.10394879040118542,0.6617041485650199,0.09106356343650852,0.6627928444317409,0.09008051773477861
2.7,0.6005771798746926,0.10205089150431709,0.6586014969008309,0.08766392566033736,0.6600991657802037,0.08642609385812135
2.72,0.5971114763191768,0.1001610955202876,0.6553050449916294,0.08454916316397233,0.6571659530912127,0.08313861585669488
2.74,0.5937842386109489,0.09832286361306543,0.6517997298921857,0.08190597882029299,0.6539865732192993,0.0803591690392224
2.7600000000000002,0.5906359340463366,0.09657473343616613,0.6477674245834351,0.08033982942290932,0.650111700807299,0.07880311154825069
2.7800000000000002,0.5877007118293217,0.09494874067271099,0.6440263049943107,0.07944502004192965,0.6462768231119428,0.07816141365959463
2.8000000000000003,0.5850045084953308,0.09346961561887955,0.6404813187462943,0.07965190301270031,0.6427151135035923,0.07849868320053759
2.82,0.5825644476073129,0.09215485248319112,0.6370542815753392,0.08142274103465375,0.6393005933080401,0.08028243023851747
2.84,0.5803876902375903,0.09101449610935596,0.633699540581022,0.08514054703337884,0.6359723636082241,0.08386406020196138
2.86,0.5784737169742584,0.09005280259943865,0.630516243832452,0.09112358658496579,0.6328088215419224,0.08948404284160776
2.88,0.5768183171749115,0.0892707173057388,0.6267923201833453,0.10038210388086205,0.629321677344186,0.09782945579342438
2.9,0.5754114219120571,0.08866488034305131,0.6227422186306545,0.11261319441185742,0.6253077472959246,0.1093134429815715
2.92,0.574237082685743,0.08822772874265479,0.6188230386802128,0.1267020259176764,0.621363993201937,0.12271704600669499
2.94,0.5732751829283578,0.08794813716853124,0.61510198031153,0.14224514909204772,0.6176108419895172,0.1375982964698675
2.96,0.5725031793117523,0.08781229956084806,0.6116626901285989,0.15884950371140039,0.614091042961393,0.15359901129786907
2.98,0.5718959484781537,0.08780575586056864,0.6085722680602755,0.17592371028185602,0.6109024286270142,0.1702313253292465
3.0,0.5714289801461356,0.08790832875123199,0.6061116222824369,0.1925032730277442,0.6082590243646077,0.1867698594478725
3.02,0.5710810337747846,0.0880929144876602,0.6050426161714962,0.20665502392225504,0.6066139915159771,0.20179461106335822
3.04,0.5708331763744354,0.08833746503243978,0.606875587786947,0.21461975786016765,0.6071185341903141,0.212501108122618
3.06,0.5706650827612195,0.08861731005631569,0.6129208962832179,0.21318883761624308,0.6113200336694717,0.215102391847174
3.08,0.5705546481268746,0.08890581435000956,0.6221895196608135,0.20466145904961283,0.6192293550286975,0.20943888192130997
3.1,0.5704862475395203,0.0891790722132941,0.6329523303679058,0.1930719831865612,0.6292638331651688,0.19922891711907406
3.12,0.5704490074089595,0.08941483225130153,0.6416004512991224,0.18660640698619022,0.6394691871745246,0.1889783482616964
3.14,0.5704361540930611,0.08959279113735492,0.6460748144558498,0.18966666527522252,0.6452601679733821,0.18895577900558594
3.16,0.5704445583479745,0.08969512982579848,0.6494874251740319,0.19496250602212659,0.6490079909563065,0.19336287350026968
3.18,0.5704760040555682,0.0897056970814204,0.652537961091314,0.20024144841378386,0.6521126713071551,0.19843659613292083
3.2,0.5705308445862362,0.08961547278633648,0.655527766261782,0.2051506165034627,0.6550842906747546,0.20334339425696563
3.22,0.5706131075109754,0.08941355694867163,0.6585467777081898,0.20925933763665983,0.6580377029521125,0.20775090810298502
3.24,0.5707332023552486,0.08909328651070483,0.6615871403898511,0.21243177785539238,0.6609938080821719,0.21132733393679373
3.2600000000000002,0.5709054384912763,0.08865639931808646,0.6646234222820827,0.21469335597555422,0.663933087672506,0.21401538765166822
3.2800000000000002,0.5711428139890943,0.08810644548267259,0.6676004890884671,0.21604765282444086,0.6667880075318473,0.2157781759695888
3.3000000000000003,0.5714579948357174,0.08744947870292429,0.6705327438456672,0.21656717604315073,0.6695759786026818,0.21667116897399485
3.3200000000000003,0.5718632936477661,0.08669489047638335,0.6733924491064889,0.21629458162910764,0.6722790151834488,0.21673046799713402
3.34,0.5723701247147152,0.08585565854350322,0.6761540472507477,0.2152768550097708,0.6748632937669754,0.21597937429741937
3.36,0.5729879609176091,0.08494889264319534,0.6787953142608915,0.213585998490009,0.6773000082799366,0.21447227866686586
3.38,0.5737243890762329,0.08399508162271711,0.6812939069100789,0.2112751344600254,0.6795615532568523,0.21228732305470197
3.4,0.5745847736086164,0.0830179484824651,0.6836110310895103,0.20836531468739478,0.6813746690750122,0.21002672348448362
3.42,0.5755787874971118,0.08205123041525934,0.6854949103934425,0.2053206991358082,0.6823381440980094,0.20850822677587458
3.44,0.576700678893498,0.08112199485003782,0.6864759538854871,0.20307932778579454,0.6827541270426342,0.20701071597556267
3.46,0.577937377350671,0.08025627712496998,0.6867365709372929,0.20114149090759834,0.6827527391059058,0.2051746736841753
3.48,0.579278222152165,0.07948490401178207,0.6863949724606105,0.1991465366520754,0.6822799976382937,0.20304089111055484
3.5,0.5807087421417236,0.07883665058677657,0.6851853132247925,0.1976034451168369,0.6812318350587573,0.20075130090912474
3.52,0.5823957196303776,0.07827665023911451,0.6832648387977055,0.1961565192832221,0.6793119758367538,0.19889694644304318
3.54,0.584226016487394,0.07790638664160707,0.6808932593890599,0.19426509229304792,0.6767381344522748,0.19702176405576366
3.56,0.5860334464481899,0.07777757293116899,0.6781197445733207,0.19187554502621984,0.6737613018069949,0.19466167630545766
3.58,0.5877743320805686,0.077861510685944,0.674928605556488,0.1890987329307661,0.6704243889876774,0.19186336370907328
3.6,0.5893073081970215,0.07809915924860258,0.6713038895811353,0.18606820783769862,0.6667117519038064,0.18880298423884948
3.62,0.5907666470323291,0.07845527747448582,0.6672453156539372,0.18288120563953786,0.6626265943050385,0.1856105297866552
3.64,0.5921386693205152,0.07889750368217148,0.6627598915781293,0.17960576639092782,0.6582057476043701,0.1823764895525857
3.66,0.5933716297149658,0.07937718615031082,0.6579064726829529,0.17630395022826562,0.6534973340375083,0.17917832313811677
3.68,0.594418295792171,0.07983979623939963,0.6528030761650631,0.1730312384438703,0.6485852513994489,0.17608558584356857
3.7,0.5952357053756714,0.08023244903015324,0.6475887639181954,0.16982833947994955,0.6435734033584595,0.17314389267697947
3.72,0.5957870994295392,0.08051126202710715,0.642385972397668,0.16673745158117825,0.6385661704199654,0.17039281802823894
3.74,0.5960478442055839,0.08065048543605426,0.6372778756277901,0.16379544766350992,0.6336625005517688,0.16787076687068786
3.7600000000000002,0.5960115364619664,0.08065028513581854,0.6323248531137194,0.16103999658743706,0.6289759491171155,0.16560345859203107
3.7800000000000002,0.5956917490277972,0.08053790063832646,0.6276117605822427,0.15849896405809563,0.6246330269745418,0.16358236778178273
3.8000000000000003,0.595122218132019,0.08036187037040116,0.6230844727584294,0.15618441632645436,0.6205613229955945,0.16182298927514283
3.8200000000000003,0.5943214765616825,0.08017144648382755,0.6194736744676318,0.15384422998445266,0.6173729385648455,0.1600885329892374
3.84,0.5933161846229008,0.08002831647024726,0.616436413356236,0.1514944967368878,0.6148282417229244,0.158347392186485
3.86,0.5922691949776241,0.08000385197915585,0.6140492558479309,0.14905446069651662,0.6129545015948159,0.15655200720303894
3.88,0.5910078159400395,0.08011302369299916,0.6123118996620178,0.14651287479643588,0.6117952423436301,0.15467616619869876
3.9,0.5888264647551945,0.08055948405627791,0.6112344222409385,0.14394719064079903,0.6113709679671696,0.15267815792153952
3.92,0.5863186717033386,0.08157548878554294,0.611015681709562,0.1409232658361274,0.6116189020020621,0.15058352398772104
3.94,0.5840787972722735,0.0829753548683626,0.6112890413829258,0.13813487922051132,0.6124929487705231,0.14831735846296745
3.96,0.5822871966021401,0.08446947551835594,0.6123242378234863,0.13505492844775288,0.6142454019614628,0.14516154773856696
3.98,0.5809484251907894,0.08586145812842041,0.6141209474631718,0.13159508743133913,0.6161748596600124,0.1422501117776125
4.0,0.5800292279039111,0.087041131756033,0.6166020546640668,0.12774773649534768,0.6185917598860604,0.13884181377105928
4.0200000000000005,0.5794860294886998,0.08795932128132249,0.6197163207190377,0.12349382171905124,0.6215014244828906,0.13486989502563812
4.04,0.5792872309684753,0.08859344089850484,0.6233631670475006,0.11888969758319483,0.6248928265912193,0.1303577906924893
4.0600000000000005,0.5794109063489097,0.08893863282885624,0.6275079803807395,0.11399605274683833,0.6287330857345036,0.12538707094105747
4.08,0.5798378416470119,0.08900654627337459,0.6320791244506836,0.10893137010467259,0.6331165986401694,0.119999283915595
4.1,0.5805469879082271,0.08882533818034807,0.6372092068195343,0.10362353706948105,0.637778273650578,0.11454845061509011
4.12,0.581512063741684,0.08843910576883673,0.6426523114953723,0.09834922106911,0.6427550613880157,0.10905866004775673
4.14,0.5826995245047978,0.08790562250547558,0.6483752812658038,0.09321623310752644,0.6480484306812286,0.10364255485539355
4.16,0.5840678215026855,0.0872916776306149,0.6543325356074742,0.08836817186614855,0.6536116089139666,0.09851819182166767
4.18,0.585564741066524,0.08666344015366255,0.6604947447776794,0.08395634508302531,0.6592986498560224,0.0940829709934724
4.2,0.5871313852923257,0.08608025921218619,0.6667958668300084,0.08028724360682865,0.6651811344282967,0.09042944143050478
4.22,0.5887168432985034,0.08559788550207652,0.6733629022325788,0.07750904948109137,0.671505297933306,0.08753208941440299
4.24,0.5902708853994098,0.08525255650811807,0.6803535137857709,0.07577030190090861,0.6782159038952419,0.0856146836157307
4.26,0.5917413490159171,0.08505376625472164,0.6874330043792725,0.07571432711885634,0.6851237501416888,0.08499600697484638
4.28,0.5930812656879425,0.08499094675148028,0.6946340373584202,0.07723666145046605,0.6919690540858677,0.08592020340692755
4.3,0.594255153621946,0.08504279157763388,0.7021625297410148,0.07991990495828188,0.698798588344029,0.0880631280823407
4.32,0.5952397031443459,0.08518386536875436,0.7099478500229972,0.08353345918021796,0.7057281647409711,0.09095459036824496
4.34,0.5960240278925214,0.08539089480774287,0.7178015794072833,0.08784037930958144,0.7127238256590707,0.09427226326096282
4.36,0.5966083364827293,0.08564652379914964,0.725578384740012,0.09249550370584242,0.7196157404354641,0.09775961319032216
4.38,0.5970015057495662,0.08594020197677954,0.7331087589263916,0.09717742102822323,0.7263005716460091,0.10118591732701007
4.4,0.59721810902868,0.08626665173416287,0.7402362993785313,0.10165793859104345,0.7326378311429705,0.1043762273616445
4.42,0.5972770963396344,0.08662470650959897,0.7468378458704267,0.10569791993219245,0.7385002034051078,0.10714753575065024
4.44,0.5972026288509369,0.0870171771442668,0.752815135887691,0.10912673381558556,0.7438388551984515,0.10939587230389738
4.46,0.5970215669700077,0.08744750467535466,0.7581006373677935,0.11192624213562594,0.7486187900815692,0.11108455449751557
4.48,0.5967626529080527,0.08791729217558679,0.7627150842121669,0.11427459210726257,0.7527418306895665,0.11209339983934641
4.5,0.5964548672948565,0.0884243020510005,0.7664009843553815,0.11583829974894783,0.7562708514077323,0.1126380676431491
4.5200000000000005,0.5961261945111411,0.08896229022863636,0.7693317021642413,0.11706546337256432,0.7591714688709804,0.11283125195727163
4.54,0.5957989905561719,0.08952257477001314,0.7715171320097787,0.11807499308319765,0.7615173373903547,0.11281424667594887
4.5600000000000005,0.5954831540584564,0.09009077117248324,0.7730193138122559,0.11892194569247605,0.7633878077779498,0.11267430150927953
4.58,0.5951861228261676,0.0906465627861507,0.7738046646118164,0.11949016583349308,0.7648833308901105,0.11255795406267019
4.6000000000000005,0.5949391722679138,0.09118540087312835,0.7735972234180996,0.11924360873716627,0.7664332474981036,0.11302729667497756
4.62,0.5947672341551099,0.091705127326125,0.7728395121438163,0.11882372100980335,0.7684547219957624,0.11457927375683795
4.64,0.5946792364120483,0.09219506571880758,0.7723973734038216,0.11946724126366969,0.7699774674006871,0.11570923966619744
4.66,0.5946758602346692,0.09264318880340855,0.7722202113696507,0.12094565677450837,0.7707456350326538,0.11618740496282524
4.68,0.5947551897593907,0.0930418676990587,0.7715631978852409,0.12189049687110896,0.7708892822265625,0.11629854055095579
4.7,0.5949139978204455,0.09338871066152614,0.7702507717268807,0.12193154010870204,0.7704950400761196,0.11617159867940563
4.72,0.5951486698218754,0.09368723545534127,0.7686098388263157,0.12150229536491966,0.7695672597203936,0.1158796223954835
4.74,0.5954548461096627,0.09394540001318916,0.7667171955108643,0.12074613536692062,0.7681419423648289,0.11550226058308427
4.76,0.5958264342376164,0.09417327933347149,0.7645590731075832,0.1197607619407762,0.7662123952593122,0.11504568459578736
4.78,0.5962539442947933,0.09437999782364291,0.7620775273868016,0.11863783092645493,0.7637709123747689,0.11449987458464286
4.8,0.5967252169336591,0.09457318921700851,0.7592507260186332,0.11742068324224354,0.760821350983211,0.11385658219220586
4.82,0.5972279608249664,0.09476117779983835,0.7561367920466832,0.11611272268399254,0.7574055535452706,0.11314023320747127
4.84,0.5977527754647392,0.09494985831034361,0.7527444277490888,0.11473196427455992,0.7536544033459255,0.11234365163510955
4.86,0.5982911544186729,0.09514372892874672,0.7490525926862445,0.11338077247429078,0.7496037823813302,0.11151542430385915
4.88,0.5988276813711438,0.09534955688917822,0.7450590474264962,0.11211972613411372,0.7452820369175502,0.11068238141167319
4.9,0.5993440193789346,0.09557407317822551,0.7407670021057129,0.11100401503929569,0.7407628979001727,0.10990974572176664
4.92,0.5998314831938062,0.0958186687456644,0.7361656597682408,0.110099582019453,0.736118631703513,0.10925663895045713
4.94,0.6002758911677769,0.09607909298174333,0.7312532578195844,0.10948752716193688,0.7313904421670097,0.1087175985069472
4.96,0.6006640579019275,0.09634811835306427,0.7261127063206264,0.10927221489935737,0.7266417571476528,0.108345248908233
4.98,0.6010122299194336,0.09663648737394474,0.7207797169685364,0.1094022461382099,0.7218556318964277,0.1080735476709425
5.0,0.6013294628688267,0.09695500195279241,0.7151472909109933,0.10958788070835432,0.7170560956001282,0.10797419956367522
5.0200000000000005,0.6016117419515338,0.09729857268055958,0.7094068612371173,0.11020986699734048,0.7123320954186576,0.10817040452289618
5.04,0.6018539071083069,0.09765784755610929,0.7038746646472386,0.11171051734759949,0.7077593718256269,0.1087583998436163
5.0600000000000005,0.6020542000021253,0.09802499214515432,0.6985295840672084,0.1137414872062052,0.7035531486783709,0.10982057247249477
5.08,0.602214195898601,0.0983944124998015,0.6932967475482396,0.11635096222420989,0.6995389631816319,0.11164995952991409
5.1000000000000005,0.6023396338735308,0.09876473600712964,0.6884330000196185,0.1195438362671879,0.6957394821303231,0.11433013977781477
5.12,0.6024382284709385,0.09913633845971488,0.6840694206101554,0.1233110232206028,0.6922393441200256,0.11781137537854997
5.14,0.6025180986949376,0.0995096413306326,0.6802291103771755,0.12754434414349952,0.689027556351253,0.12204352361260284
5.16,0.6025858734335218,0.0998825657497813,0.6768338339669364,0.13210284104603556,0.6860776203019279,0.1268971355426808
5.18,0.6026467382907867,0.10025121360926467,0.6739630017961774,0.1368309800520508,0.683390736579895,0.13218390587707468
5.2,0.6027094764368874,0.10061114326504063,0.6716773978301457,0.14159210942591394,0.6810490787029266,0.13771297057725182
5.22,0.6027834415435791,0.10095776155889861,0.6699553642954145,0.14623159898195554,0.6790676457541329,0.14329658746724644
5.24,0.6028691147054944,0.10129102547892004,0.6687935292720795,0.15056886452538792,0.677476955311639,0.1487784061744772
5.26,0.602961791413171,0.10161348466208156,0.6681952774524689,0.15452248815494987,0.6762644095080239,0.15401427255040998
5.28,0.6030648137841906,0.10192381748979983,0.6681408498968396,0.1581368085074496,0.6753603603158679,0.15885687062798712
5.3,0.6031823456287384,0.10222038682305533,0.6685372846467155,0.16148726667663196,0.674727167401995,0.16315479629370508
5.32,0.6033081454890115,0.10249863367011924,0.6694133239133018,0.164304680280742,0.6743746272155217,0.1668391420957434
5.34,0.6034340006964547,0.10275161584450367,0.6704763003758022,0.16659994056139715,0.6742942673819405,0.16996037077439222
5.36,0.6035807686192649,0.10299354513480624,0.6714345216751099,0.16879878129977957,0.6743132557187762,0.17254122915633022
5.38,0.6037633546761104,0.10323671472190205,0.6721944298063006,0.17106592323248487,0.6744943048272815,0.17418694804230306
5.4,0.6039734312466213,0.103478489979869,0.6729571521282196,0.1735069433660597,0.6747019972120013,0.17568477135631624
5.42,0.6041998905794961,0.10372847429629306,0.6735343251909528,0.17558490951212138,0.6746415879045214,0.17722031964093418
5.44,0.6044406805719648,0.1039941476764613,0.6740030007702964,0.17740547083512018,0.6742347819464547,0.17854882803550134
5.46,0.6046797292573112,0.10425526928495768,0.6742758623191288,0.17894337027747817,0.6736911279814584,0.17963477843045006
5.48,0.6049114976610456,0.10450298298328818,0.6743404822690147,0.1802765814096273,0.6730794523443494,0.18040199717203925
5.5,0.6051339634827205,0.1047344084772493,0.6742988399096898,0.1811222081768065,0.6723553112574986,0.18082680743403562
5.5200000000000005,0.6053457983902523,0.10494839233703858,0.6743371869836535,0.18125053950929274,0.6716066300868988,0.18113306871772805
5.54,0.6055438348225185,0.10514471592835276,0.6736889438969749,0.18161541674419965,0.6709704441683633,0.18127972038783335
5.5600000000000005,0.6057257992880685,0.10532200860039628,0.6729407565934318,0.18155305344574518,0.6711793201310294,0.1808271551572456
5.58,0.6058896269117083,0.10547902083824814,0.6722583132130759,0.18080837311367806,0.6708128920623234,0.1814086820203813
5.6000000000000005,0.6060286675180707,0.10561685853631145,0.6711890229157039,0.17986222731860851,0.6691959415163312,0.18336631602732387
5.62,0.6061397918633052,0.1057355891043399,0.6688120833465031,0.17975021636687621,0.6672311936106,0.185332847752319
5.64,0.6062234001500266,0.10583393664851279,0.6658332986491067,0.17948749600095956,0.6648760991437095,0.18730574011726034
5.66,0.606280790907996,0.10591064466915237,0.662583725793021,0.17857134385563864,0.6623038394110543,0.18908352150206775
5.68,0.6063132626669747,0.1059649621373961,0.6589738343443189,0.1770683131423694,0.6595219671726227,0.1906090903702464
5.7,0.6063173115253448,0.10599785298397811,0.6550031857831138,0.17492282659791122,0.6565235810620444,0.19168208235852474
5.72,0.6062905022076198,0.10600742793824218,0.6506443917751312,0.17213505542371307,0.6538555196353367,0.19146700368983244
5.74,0.6062491450990949,0.10598886491966748,0.6457722016743251,0.16894531341533456,0.6513381174632481,0.1899488318843732
5.76,0.6061995795794896,0.1059460701505134,0.6403962544032505,0.16566358714813095,0.6487119538443429,0.18739622790752275
5.78,0.6061346786362785,0.1058857254007569,0.6345110237598419,0.1624630250750077,0.6457098722457886,0.1840994457794484
5.8,0.6060543656349182,0.10580878085302377,0.6279399054391044,0.15933605474137508,0.6421304770878383,0.1801965208996413
5.82,0.6059612163475582,0.10571470785416259,0.6209621684891837,0.15671559398834617,0.6378549337387085,0.17581934709853125
5.84,0.6058579768453326,0.10560342469320066,0.613778612443379,0.15472523397962554,0.6328505745955876,0.1711374019117395
5.86,0.6057472612176623,0.10547593887488509,0.6065914928913116,0.15338076623305077,0.6271438768931797,0.16638624420680811
5.88,0.6056316494941711,0.10533428376340719,0.599383430821555,0.15240816717489597,0.6207726342337472,0.16172945008078196
5.9,0.605513585465295,0.1051809846132476,0.5923065670898983,0.15165480881792476,0.6137192078999111,0.15716989772777004
5.92,0.6053950914314815,0.10501849174333758,0.5859490377562386,0.15066366504930725,0.6061479917594365,0.15272909609125365
5.94,0.6052777256284442,0.10484894107466719,0.5799832471779415,0.1495161491966566,0.5988535625594003,0.14887161728231138
5.96,0.6051628249032157,0.10467448525720481,0.5745186081954411,0.14801379015453528,0.5916113342557635,0.1451905403790297
5.98,0.605051508971623,0.10449732628055387,0.5699347087315151,0.14587448031933964,0.5843331728662763,0.14186092251922297
6.0,0.6049446974481855,0.10431959525509472,0.5663076681750161,0.14308284584754286,0.5771585277148655,0.13898755797253837
6.0200000000000005,0.6048431141035897,0.10414350508629674,0.5636632697922843,0.13966389898914522,0.5704912798745292,0.1363165461901158
6.04,0.6047473336969104,0.10397111353436332,0.561969131231308,0.1356918986579773,0.5648324574742999,0.13341120033438733
6.0600000000000005,0.6046579480171204,0.10380444553097871,0.5608545924936023,0.1316958379901631,0.5603032197271075,0.13029951884766708
6.08,0.6045750336987632,0.10364446625245943,0.560789772442409,0.12675358944938647,0.5553552891526904,0.12817201573141596
6.1000000000000005,0.604498986686979,0.10349208619500526,0.5606519750186375,0.12237141436333479,0.5490083013262067,0.12739256108288383
6.12,0.6044357546738216,0.10335871624926503,0.5591575588498797,0.12013539788471966,0.5429994591644832,0.1267659141577089
6.140000000000001,0.6043877473899296,0.10325008869253349,0.5577651986054012,0.11798932567202455,0.537860802241734,0.12603177750183978
6.16,0.6043494769505092,0.10315872026643558,0.5569142784391131,0.11529825068947647,0.533587885754449,0.12525865157836705
6.18,0.604315732206617,0.10307731323767418,0.5563698794160571,0.11251423172288,0.5300313404628209,0.12458159946991235
6.2,0.6042830646038055,0.10300109440692512,0.5561079680919647,0.1099404407901547,0.5269020327499935,0.12425724053428817
6.22,0.6042493454047612,0.10292749406740616,0.5561645243849073,0.1077292675889091,0.523974461214883,0.12446636533434806
6.24,0.6042142851012093,0.10285679816420595,0.5566159912518093,0.1060123260801614,0.5213057356221336,0.12513696023816157
6.26,0.604178786277771,0.10279080084957071,0.5575993316514152,0.10491954620391283,0.5189456343650818,0.12620468889900874
6.28,0.6041437983512878,0.10273117133857566,0.5591773603643689,0.10459166702116593,0.5170067506177085,0.1275488352349854
6.3,0.6041095043931689,0.10267871716413458,0.5614537426403591,0.10506698655496916,0.5159318447113037,0.1286629943771614
6.32,0.6040755254881722,0.1026333460397087,0.5647160538605281,0.10640807443765432,0.5158137679100037,0.12945427954599303
6.34,0.6040411932127816,0.10259528174759498,0.5687763946396964,0.10855106067496695,0.5166197334017072,0.12999130852808097
6.36,0.6040066693510328,0.10256405644226749,0.573573282786778,0.11164625402379759,0.5182692110538483,0.13036030005788918
6.38,0.6039726861885616,0.10253886460491327,0.5786324058260236,0.11563827817055357,0.520650714635849,0.13068938460645843
6.4,0.6039398568017142,0.1025188924793813,0.5844127408095768,0.12057876634046513,0.5237737085138049,0.13105081187624312
6.42,0.6039094924926758,0.10250287006388391,0.5907747064317975,0.12631367539099692,0.5277568442480904,0.13143946374530047
6.44,0.6038829897131238,0.10248928850787647,0.5976832849638802,0.1326835481942709,0.53265067083495,0.1318049150809601
6.46,0.6038620812552316,0.1024720815646652,0.6043173670768738,0.1384424267190222,0.538570591381618,0.13220040451553816
6.48,0.6038531150136676,0.1024387436610662,0.6091614323002952,0.14140151672227697,0.5454909546034676,0.13271485657566193
6.5,0.603851991040366,0.1024075969330494,0.6134692089898246,0.14338619380456905,0.5533183770520347,0.1335257736402842
6.5200000000000005,0.6038560228688377,0.10239088253925571,0.6178326053278786,0.14519845454455493,0.5619770629065377,0.13486049559359023
6.54,0.6038613361971719,0.10238563400301223,0.6224621108600071,0.14715672860181658,0.5714491903781891,0.13696421970794312
6.5600000000000005,0.6038649933678764,0.10238751630311325,0.6272742322513035,0.14927859654018372,0.581328843321119,0.13968162308299167
6.58,0.6038653893130166,0.10239656676852596,0.6321337308202472,0.15146382501031228,0.5915983447006771,0.14310773497317708
6.6000000000000005,0.6038623409611839,0.10241331396016677,0.6369748754160744,0.15363959580287076,0.6018809974193573,0.14733723014935626
6.62,0.6038573384284973,0.10243682766928865,0.6417245822293418,0.15571002823134986,0.6120656175272805,0.15219025443320852
6.640000000000001,0.6038540048258645,0.10246374552144394,0.6462630799838475,0.15757183515567574,0.6219831960541862,0.1573978440163572
6.66,0.6038548520633152,0.10249160827830976,0.6504166083676475,0.15914726179243252,0.6314558216503688,0.16266452054675287
6.68,0.603860637971333,0.10251972206722797,0.6539168272699628,0.16045232520292182,0.6403538882732391,0.16782492449905645
6.7,0.6038717116628375,0.10254764616499655,0.6561452746391296,0.16188458949741388,0.6483719774654934,0.17295609728126393
6.72,0.6038881157125745,0.10257516199713249,0.6573476961680821,0.16315407031090493,0.6551024998937335,0.1783081180292611
6.74,0.6039092583315713,0.10260274892331836,0.6577216344220298,0.16413841308960625,0.6608384038720813,0.1834730560246022
6.76,0.6039340453488486,0.10263136705888799,0.6572546320302146,0.16492596725919265,0.6656089850834438,0.1883394974375679
6.78,0.6039614038808006,0.10266196019613134,0.6559055745601654,0.16566216269354458,0.6694045450006213,0.19292280167359913
6.8,0.6039905590670449,0.10269514089404409,0.653530899967466,0.16663431690168248,0.672311510358538,0.19722469963551978
6.82,0.604021029812949,0.10273120309578,0.6503164938517979,0.1676065360208189,0.6744285821914673,0.20121064397412575
6.84,0.6040535994938442,0.10276881152405251,0.6464166428361621,0.16841260015887202,0.6758490673133305,0.20481517780030753
6.86,0.604091967855181,0.10280379319812152,0.6420034297874996,0.16896274216288654,0.6766633604254041,0.2079469844072881
6.88,0.6041308854307447,0.10284265016899759,0.6373177468776703,0.1692257575821278,0.6769694175039019,0.21049531436173172
6.9,0.6041683299200875,0.10288720049574514,0.6325890634741101,0.1691878787879776,0.6768749483994075,0.2123478099521755
6.92,0.6042038968631199,0.10293724625603015,0.6279678089278085,0.1688011565510016,0.6764742859772274,0.21341170670796156
6.94,0.6042356959411076,0.10299456361530811,0.6235221539224897,0.16801046736033615,0.6758187626089368,0.21362316847420373
6.96,0.6042648724147252,0.10305778162109039,0.6192101921354022,0.16688615277847207,0.6749153775828225,0.2129676788450233
6.98,0.6042954495974949,0.1031226969385059,0.6149603767054421,0.1655533291532242,0.6737424262932369,0.21148458345869905
7.0,0.6043289814676557,0.10318758387781429,0.6107032767363957,0.16414671477789347,0.6722540387085506,0.20925518358106823
7.0200000000000005,0.6043653317860195,0.10325259857484005,0.6063669196196965,0.16278203721539058,0.6703998020717076,0.20638097420230647
7.04,0.6044038150991712,0.10331830318520512,0.6018842501299722,0.16155490552013138,0.6681359112262726,0.20295185670132063
7.0600000000000005,0.6044439332825797,0.10338520438351352,0.5970846499715533,0.16054050156028038,0.6654774929795947,0.19909530816058932
7.08,0.6044853457382747,0.10345356995420253,0.5917432180472783,0.16008481902061641,0.6635290767465319,0.19645706336891627
7.1000000000000005,0.6045278991971698,0.10352355784650621,0.5862170074667249,0.16026630654254434,0.6615423091820308,0.19478980827245646
7.12,0.6045714659350259,0.10359515385496194,0.5807133189269474,0.16097043740069625,0.6592132065977369,0.19341204987339328
7.140000000000001,0.6046160416943687,0.10366835801377161,0.5756109654903412,0.16194427852872514,0.656679915530341,0.19210227644575575
7.16,0.6046615753855024,0.10374308816045023,0.570853454726083,0.1632041370856977,0.6540924779006413,0.19083829321139695
7.18,0.6047081053256989,0.10381929111442033,0.5664859201226916,0.16472532417910687,0.6515721210411617,0.18963502058263076
7.2,0.6047555889402118,0.10389690731155302,0.56281977891922,0.1661643043916483,0.6492237576416561,0.18848796964633863
7.22,0.6048040986061096,0.10397591410896373,0.560024938413075,0.16726040910257797,0.6471182789121356,0.18737393066913838
7.24,0.6048536087785449,0.10405620068110415,0.5581951567104885,0.1678388932430688,0.645317086151668,0.18626339146043705
7.26,0.6049041364874158,0.10413780487532198,0.5574252222265516,0.16780711259690811,0.643850564956665,0.18512741347636918
7.28,0.6049611525876182,0.1042297499506176,0.5576691840376172,0.16720745853026953,0.6427053894315448,0.1839392328643969
7.3,0.6050241376672473,0.10433145486943095,0.5587337527956281,0.1661847610866934,0.6418716652052743,0.18268240252757859
7.32,0.6050868374960763,0.1044326662661522,0.560283933367048,0.16523729813156976,0.6413320856434959,0.1813499484221105
7.34,0.6051480386938367,0.10453028421774546,0.5621132382324764,0.1646822336061064,0.6410584024020604,0.1799527290207727
7.36,0.6052064682756152,0.10462298671029419,0.5640425298895154,0.16478065039729592,0.6410250450883593,0.17853688588296324
7.38,0.6052608064242772,0.10470972203357545,0.5660165292876107,0.16562457099655528,0.6412003934383392,0.17715965223772492
7.4,0.6053106188774109,0.10478978018436218,0.5679694414138794,0.1673051295907096,0.6415249833038875,0.17582006966152114
7.42,0.6053556970187596,0.10486255691890256,0.5698785313538143,0.16981369110356356,0.6420176838125501,0.17462185791158355
7.44,0.605395781142371,0.10492744265228554,0.5718164231095996,0.17293967123381443,0.6424110148634229,0.1731590836401397
7.46,0.6054306072848183,0.10498388864038966,0.5736832746437618,0.1766541753885269,0.6428487982068744,0.17173994614954152
7.48,0.6054599199976239,0.10503141871481497,0.5753279158047268,0.1808907179433166,0.6433333073343549,0.17050407782834034
7.5,0.6054834808622088,0.10506967440138563,0.5762482626097543,0.18563450597493714,0.6437166673796517,0.16953465685636468
7.5200000000000005,0.6055011621543339,0.10509839972444043,0.5768236432756696,0.19042350476072376,0.6435211769172123,0.16925848254813294
7.54,0.6055128829819816,0.10511750548399763,0.5773488794054303,0.19484537705290378,0.6430151462554932,0.16938813714025208
7.5600000000000005,0.605518673147474,0.10512700278181643,0.5779231148106712,0.19858543394912373,0.6423296970980508,0.169772525705508
7.58,0.6055185965129307,0.1051269981338117,0.5786563413483756,0.20142968145679935,0.6414619173322406,0.17042259575711485
7.6000000000000005,0.6055179834365845,0.1051195466123312,0.5796627998352051,0.20326172422185404,0.6404336435454232,0.17128623967529488
7.62,0.6055146030017308,0.10510420931540108,0.5810126917702811,0.20399533005433917,0.639235428401402,0.17219191165908182
7.640000000000001,0.6055054579462323,0.10508024859581244,0.5828025043010712,0.20368907085001137,0.6379301846027374,0.17304267842108118
7.66,0.6054898500442505,0.10504790448133759,0.5851120352745056,0.20245145279339308,0.6365803267274585,0.1736969422789166
7.68,0.6054660763059344,0.10500703921386507,0.5880122780799866,0.20041162290915265,0.635255719934191,0.17398683867511458
7.7,0.6054352351597377,0.10495860699945636,0.5915528876440865,0.19771879788108673,0.6340120477335793,0.1737404656417734
7.72,0.6054042620318276,0.10490561351554266,0.5956443548202515,0.19463448979860035,0.6328878274985722,0.1728137651445723
7.74,0.6053738636629922,0.104848934097149,0.5999455494540078,0.1915768744580121,0.631896014724459,0.17114988786863253
7.76,0.6053368066038404,0.10478667251001457,0.601791501045227,0.19093599798604088,0.6309609115123749,0.16878041842951763
7.78,0.6052923287664141,0.10471926895121805,0.6022239668028695,0.19139449897152366,0.6299718831266675,0.16582529845447724
7.8,0.6052450920854296,0.10464900472416884,0.6022815236023494,0.19189921118751202,0.6287101890359607,0.16236615770268636
7.82,0.6051972167832511,0.10457729745393177,0.6021201355116708,0.19217379765376894,0.627161226102284,0.15878774708242469
7.84,0.6051497076238904,0.10450518849740492,0.6018331859792981,0.1920561542533007,0.6252550440175193,0.155357663488805
7.86,0.6051030457019806,0.1044334878258187,0.6015348604747227,0.19137408978591183,0.6231647644724164,0.15247297765357007
7.88,0.6050576312201363,0.10436297979242663,0.600964925118855,0.19025982832395968,0.6208613727773938,0.15021364300597817
7.9,0.6050137579441071,0.1042943396516109,0.5998990280287606,0.18882953975089461,0.6180605930941445,0.1489792450726157
7.92,0.6049718303339822,0.10422833736503466,0.59845660839762,0.18695286435056346,0.6148128850119454,0.1487737131477485
7.94,0.604932154927935,0.1041655793447734,0.5966736972332001,0.18462254224490002,0.611340948513576,0.1493307694423459
7.96,0.6048950808388847,0.10410669797987479,0.5945802288396018,0.18187755484238016,0.6077822702271598,0.1504431914268962
7.98,0.6048691655908313,0.10405518717806386,0.5921621194907597,0.17884080169351363,0.6042275301047734,0.15191073057552582
8.0,0.6048510117190224,0.10401027316796692,0.5890507357461112,0.17607397525350657,0.6007593955312457,0.15352325171744707
8.02,0.6048339988504138,0.10396992107226988,0.5853962217058454,0.17334607157907586,0.5974530790533338,0.15508655999739057
8.040000000000001,0.6048183739185333,0.10393525850230007,0.5818209435258593,0.17062786324111345,0.5944944705281939,0.15634923184043328
8.06,0.6048047840595245,0.10390770262761366,0.5783984065055847,0.16810381376738845,0.5919822795050484,0.1570725087832915
8.08,0.6047923352037158,0.10388591424609753,0.5751058161258698,0.16581705499566984,0.5898160891873496,0.15716559018072906
8.1,0.6047834966863904,0.10386992511405216,0.5719783135822841,0.1637982374695261,0.5880342892238072,0.15656611266623063
8.120000000000001,0.6047795159476144,0.10385964909426888,0.5690545439720154,0.1620467588303758,0.5866814468588147,0.15527582125116032
8.14,0.6047744240079608,0.10385254613843836,0.566388372864042,0.16054465903676712,0.585701550756182,0.15327655568519152
8.16,0.6047662879739489,0.10384769843625768,0.5640471279621124,0.15925495540285584,0.5850670337677002,0.15062831720956615
8.18,0.6047597995826176,0.10384660028739812,0.5621104666164943,0.15810532924624707,0.5848066679068974,0.14746026718866276
8.2,0.6047565724168505,0.10384968130132045,0.5606347450188228,0.156986451463159,0.5849327955927167,0.14392127494285709
8.22,0.6047568236078534,0.10385689646689773,0.5596261237348829,0.1557924707272401,0.5854482523032597,0.14019539731887662
8.24,0.6047602891921997,0.10386802818322673,0.5590433308056423,0.1544537189759515,0.5863656188760485,0.1364354327265138
8.26,0.6047666924340385,0.10388285183519581,0.5588225509439196,0.15293967198076241,0.5876737492425101,0.1327822894592088
8.28,0.6047757480825696,0.10390119749742774,0.55886681165014,0.1512486069522383,0.5893003514834813,0.12941277565384293
8.3,0.6047872219766889,0.10392288310498574,0.5585164768355233,0.14962720476048916,0.5910603106021881,0.12660117714257568
8.32,0.6048009480748858,0.10394772720858707,0.5580003687313625,0.14798499340459728,0.5923802128859929,0.12493975511151066
8.34,0.604816768850599,0.10397562141898287,0.5573962203093937,0.14634950445701056,0.5934549782957349,0.12448059056356726
8.36,0.6048428458826882,0.10400934187186864,0.5565711089542934,0.1448560818944964,0.5943348450320107,0.12539385301818043
8.38,0.6048753729888371,0.10404749585695143,0.5555237914834704,0.14356539005923993,0.5949049038546426,0.12794252204572357
8.4,0.6049084493092128,0.10408926298504599,0.5542829505034855,0.14253654773702934,0.5950909640107837,0.1322681019760506
8.42,0.6049433776310512,0.104137339348818,0.5528226622513362,0.1418845116011269,0.5948624951498849,0.13834983888279792
8.44,0.6049779483250209,0.10418769558955358,0.5512864504541669,0.14159811502892433,0.5939261444977352,0.14570208679038646
8.46,0.6050110714776176,0.1042382763640149,0.5498960060732705,0.14159895492118227,0.5899031630584172,0.15119816344314602
8.48,0.6050435389791217,0.10428872351852599,0.5488679877349308,0.1417958450817181,0.5847167074680328,0.15603166910408997
8.5,0.6050760533128466,0.10433888747244549,0.5484041103294918,0.14209115216164542,0.5795047538621085,0.16130159543731723
8.52,0.6051038886819567,0.10438668553369768,0.5487069019249508,0.14240780872620015,0.5748458121504102,0.16689051905321034
8.540000000000001,0.6051253548690251,0.10443111457947328,0.5499890957559858,0.14273851918893668,0.5709031820297241,0.1724615520108896
8.56,0.6051449307373592,0.10447333698319462,0.5523621823106494,0.14317121668726324,0.5676698940140861,0.17772619164597886
8.58,0.6051640297685351,0.10451348177329745,0.5557250508240291,0.14395867297500947,0.5651548334530422,0.18250230908762013
8.6,0.6051826349326542,0.10455114639602912,0.5599792003631592,0.14534392450393513,0.5634463386876243,0.1867018687333222
8.620000000000001,0.6052003289972033,0.1045858374560027,0.5649675471442086,0.14757590190089434,0.562586499111993,0.19009446446817427
8.64,0.605216601065227,0.10461708718348171,0.5705760504518237,0.15074131971798668,0.5623238129275185,0.19227281389718304
8.66,0.6052311020238059,0.10464451535561987,0.5766204595565796,0.15486867905850593,0.5627610427992684,0.1933262824843804
8.68,0.6052434742450714,0.10466777548514376,0.5827186831406185,0.1600157102055411,0.563823538167136,0.19342494306251465
8.700000000000001,0.6052534707954952,0.10468664428883681,0.588525367634637,0.1659907506472529,0.5648333302565983,0.19284871648391894
8.72,0.6052609469209399,0.10470096497390774,0.5939977169036865,0.17225502395739883,0.5654914634568351,0.19186702292322147
8.74,0.605274076972689,0.1047135660518273,0.599089000906263,0.17837115770822018,0.5657455665724618,0.19061109893387387
8.76,0.6052891399179187,0.10472311947022944,0.6039552773748126,0.18425083330739725,0.5655422636440822,0.1892100797210328
8.78,0.6052992556776319,0.10472730349334128,0.6085267066955566,0.1895628235411085,0.5648550902094159,0.18775376622699994
8.8,0.6053039899894169,0.10472604748415264,0.6127121576241085,0.1939538861890778,0.5637102041925702,0.18627414475091808
8.82,0.605303840977805,0.10471968043760227,0.6164870049272265,0.19713984523007086,0.5622212205614362,0.18476645047211723
8.84,0.6052992258753095,0.10470850520188846,0.6199155790465218,0.19909950821676559,0.5606695285865239,0.18325676110124745
8.86,0.6052914943013873,0.10469321896767039,0.6230414126600538,0.19984951352218353,0.5593760311603546,0.1816633275166178
8.88,0.6052818383489337,0.10467450013838624,0.6260048406464713,0.19961256834851784,0.5585618231977735,0.1798585214228305
8.9,0.605266102722713,0.1046511573695789,0.6289318331650325,0.1986177216758133,0.5583340610776629,0.17776207500977714
8.92,0.6052431464195251,0.10462306970419007,0.6319006213120052,0.19695313569017506,0.5587578969342368,0.17530163258140932
8.94,0.6052180869238717,0.10459239972018193,0.634864057813372,0.19471362972214562,0.5598769315651485,0.17242148646345196
8.96,0.6051928741591317,0.10456012829953862,0.6377345323562622,0.19197433364900024,0.5617002248764038,0.16911418667252617
8.98,0.6051680275372097,0.10452676430843189,0.640494806425912,0.188722659628888,0.5641900045531136,0.1654292446212323
9.0,0.6051436492374965,0.1044927199072673,0.6438313296863011,0.18633150514525634,0.5672716328075954,0.16145840700999678
9.02,0.6051197648048401,0.10445832572508006,0.647812294108527,0.18506348285130628,0.57087385228702,0.15728652506021668
9.040000000000001,0.6050964338438851,0.10442394576694457,0.6522190698555538,0.18463678836946296,0.5749013807092395,0.15308784243416265
9.06,0.6050736946719033,0.10438988603053782,0.6564393767288753,0.18412428368672384,0.5791627764701843,0.1491451777618391
9.08,0.605051726102829,0.10435655595169692,0.6602697798183986,0.18356398429505308,0.5834654143878392,0.14563322886105792
9.1,0.6050306686333248,0.10432430006311752,0.6632280009133475,0.18374883979003434,0.587099973644529,0.1430941364519064
9.120000000000001,0.605018926518304,0.10429636285397387,0.6656282033239093,0.1844884203353824,0.5885458716324398,0.1426076600383639
9.14,0.6050130001136235,0.10427178880651629,0.667645526783807,0.1856142742001684,0.5890320071152279,0.14329875598517747
9.16,0.6050061370645251,0.10424839185050384,0.6692341608660561,0.18711372364315484,0.5888761622565133,0.1452708739397373
9.18,0.6049980563776833,0.10422631751155041,0.6703900226524898,0.1889400540734287,0.5885739581925529,0.14800045897984798
9.200000000000001,0.6049885962690625,0.10420564881972506,0.6711482405662537,0.19101489776941658,0.5884983582156045,0.15097095391670395
9.22,0.6049777907984597,0.10418657601896392,0.6715146090303149,0.19313596707544536,0.5887049436569214,0.15395340440043737
9.24,0.6049686712878091,0.10417030034223139,0.6713943779468536,0.19490575435822408,0.5890718613352094,0.15694657621768685
9.26,0.604962923697063,0.10415751642193233,0.671293067080634,0.19680912654062965,0.5894306174346379,0.15998837829441773
9.28,0.6049550984586988,0.1041463501755781,0.6714310262884412,0.19887400342146838,0.5897761838776725,0.1629568376530334
9.3,0.6049435266426632,0.10413626516871055,0.6716891484601157,0.20067237110828723,0.590183994599751,0.1656818753597937
9.32,0.6049330873148782,0.1041289889506928,0.6720507868698665,0.20201736943909182,0.590684541634151,0.16801799569940945
9.34,0.6049255004950932,0.10412512845889643,0.6726233192852565,0.20301440779815763,0.5912553242274693,0.16984301692249193
9.36,0.604921030146735,0.10412474459290777,0.6732668706348964,0.20352247687210692,0.5918315052986145,0.17106995916808085
9.38,0.6049194123063769,0.10412765607540185,0.6731732998575483,0.20251563486367677,0.5923169893877847,0.17164832048859394
9.4,0.6049204000404903,0.1041336775708001,0.6727331536156791,0.20074604482308347,0.592606897865023,0.1715725440881664
9.42,0.604923678295953,0.10414260338938859,0.6728472283908299,0.1996496037332451,0.5926222886357989,0.17088392221079812
9.44,0.6049289660794395,0.10415415371253883,0.6730991133621761,0.19876087674176574,0.5923329208578382,0.16966758362847692
9.46,0.6049360420022692,0.10416810262691788,0.6731563465935844,0.19766151685481462,0.591803469828197,0.16807059271988953
9.48,0.6049446676458631,0.1041841855726318,0.6726090141705104,0.1963472414544729,0.5911353613649096,0.16603673058834648
9.5,0.6049628981522152,0.10420505753291702,0.6716132760047913,0.19538972384584247,0.5899273582867214,0.163763311971687
9.52,0.604986731495176,0.10422907461669559,0.6702619791030884,0.19445543314646715,0.588109723159245,0.16135721157450394
9.540000000000001,0.6050091683864594,0.10425355799608406,0.6686106877667564,0.19341492248310693,0.5859074550015586,0.1587721046625997
9.56,0.6050287697996412,0.10427775525574513,0.6667615899017879,0.19233320607770354,0.5834341432367053,0.15595894179573022
9.58,0.6050438412598201,0.10430081308363286,0.6647736600467137,0.1912268715313087,0.5809327151094165,0.15306249364566646
9.6,0.6050549873283931,0.10432274953389464,0.6627015471458435,0.19008744451476542,0.5786058562142509,0.15025526067760597
9.620000000000001,0.6050690284797123,0.10434571459018675,0.6605772546359471,0.18887633161284897,0.5763885421412331,0.14745161061789527
9.64,0.6050870035375867,0.10436987575317445,0.65849255664008,0.18764426487997704,0.5744061980928693,0.14487627954465165
9.66,0.6051007722105298,0.10439212108459389,0.6564815086977822,0.18637196184763238,0.572850410427366,0.14284167463378458
9.68,0.6051084867545536,0.10441157624722418,0.6545937572206769,0.18507860760845293,0.5716730100767953,0.14130299981247857
9.700000000000001,0.6051144557339805,0.1044295691563671,0.6528396904468536,0.1837559772730181,0.5706507308142525,0.140038827141358
9.72,0.6051202884742192,0.1044465058344604,0.6512576809951237,0.1824621538728359,0.5696386013712201,0.1389094642930378
9.74,0.6051261723041534,0.10446228256681743,0.6498709533895765,0.1812533318543882,0.5686798989772797,0.13801119501439665
9.76,0.6051319369247982,0.10447667341794795,0.6486789967332568,0.1801647068376964,0.5679107180663517,0.13757991365576427
9.78,0.6051359985555921,0.10449014373624561,0.6476362688200814,0.17920415325043468,0.5673375342573438,0.13764104135355676
9.8,0.6051364157881055,0.1045032874668842,0.646735395703997,0.17839150118507016,0.5669614587511335,0.13820646716404725
9.82,0.6051365179674966,0.10451428692700147,0.64596574647086,0.17773676219408263,0.5672017208167485,0.14006669301319966
9.84,0.605138476405825,0.10452185224976995,0.6453207220349994,0.17724010204750804,0.5676937273570469,0.14262001594161305
9.86,0.6051389702728817,0.10452749391860028,0.6447730192116329,0.1769055423713509,0.5683399822030749,0.14559499184829366
9.88,0.6051457396575383,0.10453267007305644,0.6442029305866787,0.17680436335268432,0.5692659318447113,0.1490779959952819
9.9,0.6051568516663143,0.1045353859653105,0.6430699399539402,0.17733358028533946,0.5703374062265668,0.15284768417878788
9.92,0.605163825409753,0.10453547590473077,0.6416640494550977,0.17819596832706838,0.5710389699254718,0.1569054366214844
9.94,0.6051651111670903,0.10453306531920575,0.6401708509240832,0.17922126344698727,0.5716789790562221,0.16109379248124214
9.96,0.605160538639341,0.10452768571877256,0.6385796708720071,0.18040585122467143,0.5722834893635341,0.16507198380652527
9.98,0.605152849640165,0.10451962162437287,0.636912886585508,0.1817205352571854,0.572749844619206,0.16868563916547216
10.0,0.6051476214613233,0.104510906796718,0.6352228224277496,0.1831249115572675,0.573112679379327,0.1719870123649467
10.02,0.6051442921161652,0.10450142822471788,0.6336027554103306,0.1845928488440731,0.5733874184744698,0.1749260969471407
10.040000000000001,0.6051376249108996,0.1044895096030923,0.6321157557623727,0.1860016900684925,0.5736581044537681,0.17753724704688023
10.06,0.6051274836063385,0.10447522289197321,0.6308697164058685,0.18726793451652196,0.5740423500537872,0.17987788648453104
10.08,0.6051160906042371,0.10445955627792625,0.6299410675253186,0.18827811291592964,0.5746077001094818,0.1818545040326643
10.1,0.605104501758303,0.10444304260434639,0.6293802857398987,0.1889202299613357,0.5753168761730194,0.1832518888016698
10.120000000000001,0.6050927511283329,0.10442622732745054,0.6292209582669395,0.18914101103395745,0.5762796912874494,0.18396645760527267
10.14,0.6050777648176465,0.104410893842515,0.6294121061052594,0.18886560530205854,0.5775822145598275,0.18403687013636585
10.16,0.6050573289394379,0.10439832177639435,0.6298241104398455,0.18800948361693176,0.5792456226689475,0.18354592090745672
10.18,0.6050362544400352,0.10438637700417144,0.630343999181475,0.1866079948287958,0.5812305041721889,0.1825745854761563
10.200000000000001,0.6050176833357129,0.10437373904698867,0.6308330595493317,0.1846897463658195,0.5836381869656699,0.181277982641333
10.22,0.6050014112676892,0.10436067947894953,0.6311506927013397,0.18226840338796418,0.5862443361963544,0.17979215821755193
10.24,0.6049863483224597,0.10434793016890072,0.631179860660008,0.17934354376939118,0.588696322270802,0.17809884964697753
10.26,0.6049821334225791,0.10433276609303632,0.6308522777897971,0.17588120302481505,0.5909557597977775,0.17630746240684914
10.28,0.6049862887178149,0.10431545144339137,0.6299022478716714,0.1721024539716764,0.5930526682308742,0.17460097091070936
10.3,0.6049814692565373,0.1043031558117192,0.6281541883945465,0.1681876962795479,0.5947265114103045,0.17335754683045956
10.32,0.604965648480824,0.10429708940790074,0.6257593376295907,0.16403093303130092,0.5960242833409991,0.17270742435565775
10.34,0.6049481076853616,0.1042927117396082,0.6226592404501778,0.15952850028661705,0.5971330532005855,0.17264597940922743
10.36,0.6049333342484066,0.10428827776846492,0.6189749411174229,0.15496475823820907,0.5980880984238216,0.17316758433999682
10.38,0.6049240784985679,0.10428401340867736,0.6148345938750676,0.15060984718157883,0.5988963203770774,0.17424548993488792
10.4,0.6049189354692187,0.10428023554442835,0.6103680559567043,0.1466617830412098,0.5995547217982156,0.17578688594263703
10.42,0.6049146439347949,0.10427723472183444,0.6056237178189414,0.14316310701426913,0.600034121956144,0.17763552059217416
10.44,0.6049105397292546,0.1042754525394568,0.6007138022354671,0.1401840834528105,0.6004185421126229,0.17972587688503466
10.46,0.6049056095736367,0.10427572600343159,0.5957457423210144,0.13776888229529904,0.6008053336824689,0.1819637536393867
10.48,0.6049011221953801,0.1042776982821516,0.5907867465700422,0.1359119066897629,0.601193198135921,0.18415312675509735
10.5,0.6048981334481921,0.10428090011692469,0.5858654635293143,0.1345718269507012,0.6015590173857552,0.18610462310264447
10.52,0.6048966859068189,0.10428525974297445,0.5809844008513859,0.13368944058630106,0.6018689828259605,0.18766088900283323
10.540000000000001,0.6048966518470219,0.10429073875970124,0.5761857543672834,0.1332076030658188,0.6020645797252655,0.18871352786380138
10.56,0.604897963149207,0.10429726594532117,0.5715562956673759,0.1330785494938088,0.6020839512348175,0.1892150133290189
10.58,0.6049004580293383,0.10430470778897587,0.5672920644283295,0.1331907199077304,0.6019398740359715,0.18920416073448265
10.6,0.6049039917332786,0.10431305624837443,0.5635086851460593,0.13344035670296703,0.6016903817653656,0.1887243700543137
10.620000000000001,0.6049083769321442,0.10432216517709184,0.5601240566798619,0.13386121236826062,0.6013633012771606,0.1877834558830157
10.64,0.604916227715356,0.10433123271975399,0.5571540508951459,0.134441887139681,0.6009632136140551,0.1863819325713876
10.66,0.6049259262425559,0.10434042843617207,0.5548287119184222,0.13505390853478383,0.600488943713052,0.18452837070156258
10.68,0.6049334875174931,0.10435109904064256,0.5527961424418858,0.13583641879255406,0.5999158195086888,0.1822451547359866
10.700000000000001,0.6049398907593319,0.10436257750267697,0.5503657502787453,0.13711897124761335,0.5991311541625431,0.17959997730578675
10.72,0.6049459959779467,0.10437413310463217,0.5479744289602552,0.13867135296419492,0.5976345070770809,0.17683796891880918
10.74,0.6049522033759526,0.10438550680093012,0.5459518390042442,0.14029495968688502,0.5961234612124306,0.17463312664833688
10.76,0.6049591515745435,0.10439680813850334,0.5443277784756252,0.1419643132672861,0.5957363205296653,0.17485696210527948
10.78,0.6049663892814091,0.10440786577996453,0.5430989989212581,0.1437776441328258,0.5956330980573382,0.17584835221720208
10.8,0.604973065001624,0.10441837420146252,0.542382904461452,0.14575361494543854,0.5955628369535718,0.17704607397194694
10.82,0.6049790680408478,0.1044282537894409,0.5423115108694349,0.1478841473053829,0.5955634926046643,0.178399325331511
10.84,0.604984449488776,0.1044374820215742,0.542897356407983,0.1502963374272104,0.5957209978784833,0.17995307283406725
10.86,0.6049892859799522,0.10444602756055286,0.5441247480256217,0.15314582082763958,0.5959112559046064,0.18162859338057089
10.88,0.6049935349396297,0.10445382040659121,0.5460024305752346,0.1565113839489885,0.5964447515351432,0.18349142603600171
10.9,0.604997170822961,0.10446075681840794,0.5485385528632573,0.1603936511242455,0.5975445338657924,0.18558129273921548
10.92,0.6050002106598446,0.10446684255833942,0.5513169339724949,0.1652940703529188,0.5992506316729954,0.18786450678857344
10.94,0.6050025778157371,0.1044719558622067,0.5542622123445783,0.1711590648563445,0.6015034701142993,0.19027420400773323
10.96,0.6050042722906385,0.10447608933187233,0.5573658900601524,0.17778014984369825,0.6042056339127677,0.1927526361988984
10.98,0.6050053196293967,0.10447917215155297,0.5595752809728894,0.1839536184682973,0.6072194193090711,0.19524848919744944
11.0,0.6050057028021131,0.10448120910750405,0.5591247294630323,0.18758390677292772,0.6103914124625069,0.1977244978363421
11.02,0.6050059071608952,0.10448236060890607,0.5583018745694842,0.19018082796347965,0.6135963456971305,0.20017772230222725
11.040000000000001,0.6050056431974683,0.10448249200834561,0.5580953742776599,0.1920698317936221,0.6167372039386204,0.20261207551075067
11.06,0.6050046810082027,0.10448155869789177,0.5587195583752224,0.19321645639401283,0.6196884385177067,0.20492034171624654
11.08,0.605003046137946,0.1044795699506238,0.559963413647243,0.1936179182867806,0.6224942122186933,0.2071719599126806
11.1,0.6050006874970028,0.10447654425985729,0.5616464912891388,0.1932374717051182,0.6249623894691467,0.20972812900126236
11.120000000000001,0.604997707264764,0.10447258324045895,0.563874078648431,0.1919770626118429,0.6260777498994555,0.21101099782339322
11.14,0.6049947100026267,0.10446792238329379,0.5666500287396568,0.18993137169587715,0.6267896252019065,0.21210628105479318
11.16,0.6049915254116058,0.10446257444562516,0.5700200285230365,0.18735039918186855,0.6275415420532227,0.21348442350425273
11.18,0.6049877618040357,0.1044564523526886,0.5735971629619598,0.18415685971247767,0.6280552617141179,0.21462862178614286
11.200000000000001,0.6049834787845612,0.10444970052481627,0.577380107981818,0.18064976471686786,0.6283463622842517,0.2154767981977715
11.22,0.6049788892269135,0.104442419921963,0.5813071727752686,0.1770357275371784,0.6284570906843457,0.21601716973992977
11.24,0.6049741123403821,0.10443476159794758,0.5851412202630725,0.17329388006863145,0.6284122296742031,0.21620268440993032
11.26,0.6049692673342568,0.10442687307434988,0.5887578470366341,0.1694684940773486,0.6282619919095721,0.21602511879045996
11.28,0.604964405298233,0.10441884507182035,0.5920920159135546,0.16562321134660535,0.6280598044395447,0.21549511753689057
11.3,0.6049595688070569,0.1044107615838185,0.5939147387232099,0.16271018633175177,0.6278350821563176,0.2146127574465011
11.32,0.6049548430102212,0.10440275448635641,0.5934415587357112,0.16108535435742252,0.6276019130434308,0.21338528159603062
11.34,0.6049502534525735,0.10439494510092348,0.5922318782125201,0.159505852818368,0.6273876939501081,0.21186815499113326
11.36,0.6049458597387586,0.10438742350091679,0.5908182093075344,0.15770438110126542,0.6272098251751491,0.21012411562954428
11.38,0.6049416533538273,0.1043802047081106,0.5894976215703147,0.15576834803476586,0.6270670081887927,0.20820290646608308
11.4,0.6049381537096841,0.10437360656806188,0.5884216257504055,0.1538154408567385,0.626952907868794,0.20615332004462633
11.42,0.6049350883279528,0.10436755812919708,0.5876445472240448,0.1518833354390497,0.6268570934023175,0.2040188586677348
11.44,0.6049322613648006,0.1043620806384536,0.5871722740786416,0.14998071413898267,0.626769095659256,0.20184007608650015
11.46,0.6049296472753797,0.10435717933528714,0.5869783418519157,0.1481209354061563,0.6266961353165763,0.19968013955316427
11.48,0.6049271609101977,0.10435284585214555,0.5869417318275997,0.14637309581680916,0.626503267458507,0.19742999860846047
11.5,0.6049249044486454,0.10434917785387622,0.5865223152296883,0.14506094129821095,0.6260241610663277,0.1951216089281684
11.52,0.6049234058175769,0.10434636933962178,0.5859827399253845,0.14400182749249332,0.6246975532599858,0.19299765398130375
11.540000000000001,0.6049225117479052,0.10434439510659091,0.5854447867189135,0.14314739221126907,0.6227121353149414,0.19075911342629695
11.56,0.6049217368875232,0.10434305781505779,0.5848180992262704,0.14257836330985235,0.6201271627630506,0.18818472439859638
11.58,0.6049211238111768,0.10434237615171939,0.5840784737042019,0.14234360734988194,0.6168269727911267,0.18516441259691194
11.6,0.6049208087580544,0.10434240922188127,0.5832533112594059,0.14247994353888035,0.6127295196056366,0.18157168269158286
11.620000000000001,0.6049208853925977,0.10434313225139469,0.5823894739151001,0.1429984639477053,0.6077863318579537,0.17728331213087614
11.64,0.6049213707447052,0.10434455129652709,0.5815383068152836,0.14388692187487778,0.6019851905958993,0.172186498444369
11.66,0.6049222903592246,0.10434665367847147,0.5807388382298606,0.14512159462240734,0.5952797787530082,0.1660920421723161
11.68,0.6049236016614097,0.10434934465752335,0.5800811392920358,0.14662469022391234,0.5877535726342883,0.15898424355112745
11.700000000000001,0.6049253046512604,0.10435263150344565,0.5797390724931445,0.14824873862763643,0.5795837385313851,0.1509858208159344
11.72,0.604927339724132,0.10435640978455181,0.579828896692821,0.1498892098953188,0.5710438745362418,0.14237965038418426
11.74,0.604929689850126,0.10436063367056121,0.5803486321653638,0.15152021745637775,0.5622308807713645,0.13331752185568124
11.76,0.6049323124544961,0.10436523372728719,0.5812024601868221,0.1531736330344026,0.5533185601234436,0.12417610878086144
11.78,0.6049357610089439,0.1043703803361771,0.5823249689170292,0.15492359741239647,0.5442297373499189,0.1152085404872542
11.8,0.6049396097660065,0.10437583226427968,0.5838281341961452,0.157084134925785,0.5350954745497022,0.107050777695102
11.82,0.6049434925828662,0.10438143088818712,0.5856681721551078,0.15971485029899876,0.526025801897049,0.10036849489044504
11.84,0.6049472987651825,0.10438705363981694,0.5876908430031368,0.16278379085981737,0.5171284675598145,0.09576469465438614
11.86,0.6049508154392242,0.10439258537092412,0.5897712579795292,0.16618475044502162,0.5085425164018359,0.09363137403951446
11.88,0.6049540596348899,0.1043979921029103,0.591607574905668,0.16994827380649064,0.5004420876502991,0.09397556822755679
11.9,0.6049577721527645,0.1044034704109742,0.5929374056203025,0.17405162387183773,0.49281024507113863,0.09653760290378174
11.92,0.6049616294247764,0.1044088513487776,0.5938224749905723,0.17818590357596456,0.48599894983427866,0.10049308705814014
11.94,0.604964907680239,0.10441384630242723,0.5943108669349125,0.18209347051626654,0.48016478759901865,0.10495057654154066
11.96,0.6049676239490509,0.10441841770656062,0.5943515513624463,0.18569285668037183,0.4753991408007486,0.10930400621112885
11.98,0.6049699485301971,0.10442258937120157,0.5939700603485107,0.1888974677682903,0.47170443194253103,0.11321033874021322
